Workbook

Sheet Token
A1: Nome | B1: Valor
A2: Data_ini | B2: 46083
A3: Data_fim | B3: 46124
A4: Data_venc_ini | B4: 46101
A5: Data_venc_fim | B5: 46124
A6: Cod_Acesso | B6: 3d71c9c5-4a8d-4bd4-906f-7d4365faa5ed
A7: Token_Acesso | B7: eyJraWQiOiJUa1BRbWs0UlR3M3RuWlZXcDdEanBURFhcL2RTajNvMU5SckI0R3I3ZzFTMD0iLCJhbGciOiJSUzI1NiJ9.eyJzdWIiOiJiNTlmZDdiZC0zNTY1LTQ3NDctYWFjMS0wNzgyMWI0ZjkzMmIiLCJpc3MiOiJodHRwczpcL1wvY29nbml0by1pZHAuc2EtZWFzdC0xLmFtYXpvbmF3cy5jb21cL3NhLWVhc3QtMV9WcDgzSjExd0EiLCJ2ZXJzaW9uIjoyLCJjbGllbnRfaWQiOiIzczdobWoxamYyZmhlc3ZkdmZrN2QzZHBvdiIsIm9yaWdpbl9qdGkiOiI5NWQ0M2MxYy01YTc4LTRmYzUtOGExMy0xNzlhZDQ2NzU4NGIiLCJldmVudF9pZCI6IjA1MWViYjI1LTlhYzQtNGY3Mi1iMmE5LWYxMmNhYjk1NDBkNSIsInRva2VuX3VzZSI6ImFjY2VzcyIsInNjb3BlIjoiYXdzLmNvZ25pdG8uc2lnbmluLnVzZXIuYWRtaW4gb3BlbmlkIHByb2ZpbGUiLCJhdXRoX3RpbWUiOjE3NzYwMjkwNDcsImV4cCI6MTc3NjAzMjY0NywiaWF0IjoxNzc2MDI5MDQ3LCJqdGkiOiIxYzFiYTdiZS0yMjUyLTQwYTgtYjhjMC0zMjY0NDUxYTIzZGEiLCJ1c2VybmFtZSI6Im1heHdlbGwuZ29vbWVzQGdtYWlsLmNvbSJ9.ThiHjTTDHg_fjdluWvRLHbZ7S52DLCgnPmC931qZFOf1k8xRCJyH-PCTobCzMNC8_44v5j3gWVorWW0vgJq14LXHIN0HxfhtdFallokx9Gruh-WHpYPn8oA8YdmGr35MIX-RqV5BfUXaElk9e595tzOkF_rz5kwOwEyHTP8BUSlUVcv6gdHUsr9-ZnPUQIBqJB8rIsdXLFLXAQh9iPxc_12NahbKb6wG7s14sCQ1JaIg3pe5ykdLeT2K15BahOA_e0NyZ09sykWDgSpkZ6HBO5UF_oPrqozVSfiISMORfBw5uAk8KTxQFQj88quOXnZQqO2E0VRI1krK1tWe-SGXCw | G7: https://auth.contaazul.com/login?response_type=code&client_id=3s7hmj1jf2fhesvdvfk7d3dpov&redirect_uri=https://www.postman.com/&state=ESTADO&scope=openid+profile+aws.cognito.signin.user.admin
G9: Tipo | H9: Carga | I9: Inicio | J9: Fim | K9: Delta
G10: Atualiza Tabela | H10: 1 mês fev/26 | I10: 0.47158565 | J10: 0.47225694 | K10: =J10-I10 -> 0.0006712963
G11: Atualiza Tabela | H11: 1 mês fev/26 | I11: 0.47969907 | J11: 0.48041667 | K11: =J11-I11 -> 0.00071759259
G12: Atualiza Tabela | H12: 1 mês fev/26 | I12: 0.47021991 | J12: 0.47118056 | K12: =J12-I12 -> 0.00096064815
G13: Atualiza Tabela | H13: 1 mês mar/26 | I13: 0.48436343 | J13: 0.48538194 | K13: =J13-I13 -> 0.0010185185
G14: Atualiza Tabela | H14: 3 mês jan a mar/26 | I14: 0.48226852 | J14: 0.48361111 | K14: =J14-I14 -> 0.0013425926
G15: Carrega transforma | H15: 1 mês fev/26 | I15: 0.46631944 | J15: 0.46798611 | K15: =J15-I15 -> 0.0016666667
G16: Atualiza | H16: 1 mês fev/26 | I16: 0.47523148 | J16: 0.47690972 | K16: =J16-I16 -> 0.0016782407
G17: Carrega transforma | H17: 1 mês fev/26 | I17: 0.47291667 | J17: 0.47461806 | K17: =J17-I17 -> 0.0017013889
G18: Atualiza | H18: 1 mês fev/26 | I18: 0.4775463 | J18: 0.47929398 | K18: =J18-I18 -> 0.0017476852
G19: Atualiza Tabela | H19: 1 ano mar/25 a mar/26 | I19: 0.48643519 | J19: 0.48884259 | K19: =J19-I19 -> 0.0024074074
G20: Atualiza Tabela | H20: 2 dias Data alteração 26/03/26 e 03 meses data vencimento | I20: 0.73599537 | J20: 0.73657407 | K20: =J20-I20 -> 0.0005787037
G21: Atualiza Tabela | H21: 1 mês Data alteração fev/26 e 3 meses data vencimento | I21: 0.73747685 | J21: 0.73872685 | K21: =J21-I21 -> 0.00125
... G26: Atualiza Tabela | H26: 30 dias mar/26 e 3 meses data vencimento - | I26: 0.446875 | J26: 0.44731481 | K26: =J26-I26 -> 0.00043981481

Sheet Dados
A1: Nome | B1: Valor
A2: Token_Acesso_Dia | B2: =Token!B6 -> 3d71c9c5-4a8d-4bd4-906f-7d4365faa5ed
A3: Cliente_ID | B3: 3s7hmj1jf2fhesvdvfk7d3dpov
A4: Cliente_Secret | B4: css6mpnvip3nvqgvnt8vcmdep5mcorqjgk48850e5riu5087vcm
A5: Cliente_Base64 | B5: M3M3aG1qMWpmMmZoZXN2ZHZmazdkM2Rwb3Y6Y3NzNm1wbnZpcDNudnFndm50OHZjbWRlcDVtY29ycWpnazQ4ODUwZTVyaXU1MDg3dmNt
A6: Token_Acesso | B6: =Token!B7 -> eyJraWQiOiJUa1BRbWs0UlR3M3RuWlZXcDdEanBURFhcL2RTajNvMU5SckI0R3I3ZzFTMD0iLCJhbGciOiJSUzI1NiJ9.eyJzdWIiOiJiNTlmZDdiZC0zNTY1LTQ3NDctYWFjMS0wNzgyMWI0ZjkzMmIiLCJpc3MiOiJodHRwczpcL1wvY29nbml0by1pZHAuc2EtZWFzdC0xLmFtYXpvbmF3cy5jb21cL3NhLWVhc3QtMV9WcDgzSjExd0EiLCJ2ZXJzaW9uIjoyLCJjbGllbnRfaWQiOiIzczdobWoxamYyZmhlc3ZkdmZrN2QzZHBvdiIsIm9yaWdpbl9qdGkiOiI5NWQ0M2MxYy01YTc4LTRmYzUtOGExMy0xNzlhZDQ2NzU4NGIiLCJldmVudF9pZCI6IjA1MWViYjI1LTlhYzQtNGY3Mi1iMmE5LWYxMmNhYjk1NDBkNSIsInRva2VuX3VzZSI6ImFjY2VzcyIsInNjb3BlIjoiYXdzLmNvZ25pdG8uc2lnbmluLnVzZXIuYWRtaW4gb3BlbmlkIHByb2ZpbGUiLCJhdXRoX3RpbWUiOjE3NzYwMjkwNDcsImV4cCI6MTc3NjAzMjY0NywiaWF0IjoxNzc2MDI5MDQ3LCJqdGkiOiIxYzFiYTdiZS0yMjUyLTQwYTgtYjhjMC0zMjY0NDUxYTIzZGEiLCJ1c2VybmFtZSI6Im1heHdlbGwuZ29vbWVzQGdtYWlsLmNvbSJ9.ThiHjTTDHg_fjdluWvRLHbZ7S52DLCgnPmC931qZFOf1k8xRCJyH-PCTobCzMNC8_44v5j3gWVorWW0vgJq14LXHIN0HxfhtdFallokx9Gruh-WHpYPn8oA8YdmGr35MIX-RqV5BfUXaElk9e595tzOkF_rz5kwOwEyHTP8BUSlUVcv6gdHUsr9-ZnPUQIBqJB8rIsdXLFLXAQh9iPxc_12NahbKb6wG7s14sCQ1JaIg3pe5ykdLeT2K15BahOA_e0NyZ09sykWDgSpkZ6HBO5UF_oPrqozVSfiISMORfBw5uAk8KTxQFQj88quOXnZQqO2E0VRI1krK1tWe-SGXCw
A7: Data_ini | B7: =IF(Token!B2<>"",Token!B2,TODAY()-30) -> 46083
A8: Data_Fim | B8: =IF(Token!B3<>"",Token!B3,TODAY()) -> 46124
A9: Data_venc_ini | B9: =IF(Token!B4<>"",Token!B4,TODAY()-3*30) -> 46101
A10: Data_venc_fim | B10: =IF(Token!B5<>"",Token!B5,TODAY()) -> 46124
A11: Caminho | B11: {=_xlfn.LET(_xlpm.caminho,CELL("nome.arquivo"),_xlpm.num,LEN(_xlpm.caminho),_xlpm.ndir,SEARCH("[",_xlpm.caminho)-1,_xlpm.diretorio,LEFT(_xlpm.caminho,_xlpm.ndir),_xlpm.diretorio)} -> F:\!_Dados Gerais\!!!_2026\PBI_Junior\Insumos\
